{"sources":[{{"type":"single","resource":"minecraft:required/particle","sprite":"minecraft:required/particle"},{"type":"single","resource":"minecraft:required/logo","sprite":"minecraft:required/logo"},{"type":"single","resource":"minecraft:required/ascii_offset","sprite":"minecraft:required/ascii_offset"},{"type":"single","resource":"minecraft:required/arrow_previous_icon","sprite":"minecraft:required/arrow_previous_icon"},{"type":"single","resource":"minecraft:required/arrow_next_icon","sprite":"minecraft:required/arrow_next_icon"},{"type":"single","resource":"minecraft:items/watch/west","sprite":"minecraft:items/watch/west"},{"type":"single","resource":"minecraft:items/watch/up","sprite":"minecraft:items/watch/up"},{"type":"single","resource":"minecraft:items/watch/south","sprite":"minecraft:items/watch/south"},{"type":"single","resource":"minecraft:items/watch/east","sprite":"minecraft:items/watch/east"},{"type":"single","resource":"minecraft:items/watch/down","sprite":"minecraft:items/watch/down"},{"type":"single","resource":"minecraft:items/watch/cover","sprite":"minecraft:items/watch/cover"},{"type":"single","resource":"minecraft:items/watch/clockface","sprite":"minecraft:items/watch/clockface"},{"type":"single","resource":"minecraft:items/watch/clock_handle_west_east","sprite":"minecraft:items/watch/clock_handle_west_east"},{"type":"single","resource":"minecraft:items/watch/clock_handle_north_south","sprite":"minecraft:items/watch/clock_handle_north_south"},{"type":"single","resource":"minecraft:items/watch/clock_hand","sprite":"minecraft:items/watch/clock_hand"},{"type":"single","resource":"minecraft:items/wallet","sprite":"minecraft:items/wallet"},{"type":"single","resource":"minecraft:items/vial_3","sprite":"minecraft:items/vial_3"},{"type":"single","resource":"minecraft:items/vial_2","sprite":"minecraft:items/vial_2"},{"type":"single","resource":"minecraft:items/vial_1","sprite":"minecraft:items/vial_1"},{"type":"single","resource":"minecraft:items/vial_0","sprite":"minecraft:items/vial_0"},{"type":"single","resource":"minecraft:items/netherite_lock","sprite":"minecraft:items/netherite_lock"},{"type":"single","resource":"minecraft:items/killer","sprite":"minecraft:items/killer"},{"type":"single","resource":"minecraft:items/gold_lock","sprite":"minecraft:items/gold_lock"},{"type":"single","resource":"minecraft:items/card3","sprite":"minecraft:items/card3"},{"type":"single","resource":"minecraft:items/card2","sprite":"minecraft:items/card2"},{"type":"single","resource":"minecraft:items/card","sprite":"minecraft:items/card"},{"type":"single","resource":"minecraft:block/jigsaw","sprite":"minecraft:block/jigsaw"}]}
