{"sources":[{"type":"single","resource":"minecraft:required/ui/menu_items_gems","sprite":"minecraft:required/ui/menu_items_gems"},{"type":"single","resource":"minecraft:required/ui/menu_items","sprite":"minecraft:required/ui/menu_items"},{"type":"single","resource":"minecraft:required/ui/menu_banner","sprite":"minecraft:required/ui/menu_banner"},{"type":"single","resource":"minecraft:required/recipe_stonecutter","sprite":"minecraft:required/recipe_stonecutter"},{"type":"single","resource":"minecraft:required/recipe_showcase","sprite":"minecraft:required/recipe_showcase"},{"type":"single","resource":"minecraft:required/particle","sprite":"minecraft:required/particle"},{"type":"single","resource":"minecraft:required/logo","sprite":"minecraft:required/logo"},{"type":"single","resource":"minecraft:required/ascii_offset","sprite":"minecraft:required/ascii_offset"},{"type":"single","resource":"minecraft:required/arrow_previous_icon","sprite":"minecraft:required/arrow_previous_icon"},{"type":"single","resource":"minecraft:required/arrow_next_icon","sprite":"minecraft:required/arrow_next_icon"},{"type":"single","resource":"minecraft:items/watch/west","sprite":"minecraft:items/watch/west"},{"type":"single","resource":"minecraft:items/watch/up","sprite":"minecraft:items/watch/up"},{"type":"single","resource":"minecraft:items/watch/south","sprite":"minecraft:items/watch/south"},{"type":"single","resource":"minecraft:items/watch/east","sprite":"minecraft:items/watch/east"},{"type":"single","resource":"minecraft:items/watch/down","sprite":"minecraft:items/watch/down"},{"type":"single","resource":"minecraft:items/watch/cover","sprite":"minecraft:items/watch/cover"},{"type":"single","resource":"minecraft:items/watch/clockface","sprite":"minecraft:items/watch/clockface"},{"type":"single","resource":"minecraft:items/watch/clock_handle_west_east","sprite":"minecraft:items/watch/clock_handle_west_east"},{"type":"single","resource":"minecraft:items/watch/clock_handle_north_south","sprite":"minecraft:items/watch/clock_handle_north_south"},{"type":"single","resource":"minecraft:items/watch/clock_hand","sprite":"minecraft:items/watch/clock_hand"},{"type":"single","resource":"minecraft:items/watch","sprite":"minecraft:items/watch"},{"type":"single","resource":"minecraft:items/wallet","sprite":"minecraft:items/wallet"},{"type":"single","resource":"minecraft:items/vial_3","sprite":"minecraft:items/vial_3"},{"type":"single","resource":"minecraft:items/vial_2","sprite":"minecraft:items/vial_2"},{"type":"single","resource":"minecraft:items/vial_1","sprite":"minecraft:items/vial_1"},{"type":"single","resource":"minecraft:items/vial_0","sprite":"minecraft:items/vial_0"},{"type":"single","resource":"minecraft:items/skrihal","sprite":"minecraft:items/skrihal"},{"type":"single","resource":"minecraft:items/rolixo","sprite":"minecraft:items/rolixo"},{"type":"single","resource":"minecraft:items/quest","sprite":"minecraft:items/quest"},{"type":"single","resource":"minecraft:items/netherite_lock","sprite":"minecraft:items/netherite_lock"},{"type":"single","resource":"minecraft:items/killer","sprite":"minecraft:items/killer"},{"type":"single","resource":"minecraft:items/injector","sprite":"minecraft:items/injector"},{"type":"single","resource":"minecraft:items/gold_lock","sprite":"minecraft:items/gold_lock"},{"type":"single","resource":"minecraft:items/gods_gift","sprite":"minecraft:items/gods_gift"},{"type":"single","resource":"minecraft:items/card3","sprite":"minecraft:items/card3"},{"type":"single","resource":"minecraft:items/card2","sprite":"minecraft:items/card2"},{"type":"single","resource":"minecraft:items/card","sprite":"minecraft:items/card"},{"type":"single","resource":"minecraft:items/anti_alt_energy","sprite":"minecraft:items/anti_alt_energy"},{"type":"single","resource":"minecraft:items/alts_energy","sprite":"minecraft:items/alts_energy"},{"type":"single","resource":"minecraft:item/experience_bottle","sprite":"minecraft:item/experience_bottle"},{"type":"single","resource":"minecraft:colormap/grass","sprite":"minecraft:colormap/grass"},{"type":"single","resource":"minecraft:colormap/foliage","sprite":"minecraft:colormap/foliage"},{"type":"single","resource":"minecraft:block/white_tulip","sprite":"minecraft:block/white_tulip"},{"type":"single","resource":"minecraft:block/sunflower_top","sprite":"minecraft:block/sunflower_top"},{"type":"single","resource":"minecraft:block/sunflower_bottom","sprite":"minecraft:block/sunflower_bottom"},{"type":"single","resource":"minecraft:block/sunflower_back","sprite":"minecraft:block/sunflower_back"},{"type":"single","resource":"minecraft:block/rose_bush_top","sprite":"minecraft:block/rose_bush_top"},{"type":"single","resource":"minecraft:block/rose_bush_bottom","sprite":"minecraft:block/rose_bush_bottom"},{"type":"single","resource":"minecraft:block/red_tulip","sprite":"minecraft:block/red_tulip"},{"type":"single","resource":"minecraft:block/poppy","sprite":"minecraft:block/poppy"},{"type":"single","resource":"minecraft:block/pink_tulip","sprite":"minecraft:block/pink_tulip"},{"type":"single","resource":"minecraft:block/peony_top","sprite":"minecraft:block/peony_top"},{"type":"single","resource":"minecraft:block/peony_bottom","sprite":"minecraft:block/peony_bottom"},{"type":"single","resource":"minecraft:block/oxeye_daisy","sprite":"minecraft:block/oxeye_daisy"},{"type":"single","resource":"minecraft:block/orange_tulip","sprite":"minecraft:block/orange_tulip"},{"type":"single","resource":"minecraft:block/oak_sapling","sprite":"minecraft:block/oak_sapling"},{"type":"single","resource":"minecraft:block/oak_leaves","sprite":"minecraft:block/oak_leaves"},{"type":"single","resource":"minecraft:block/mangrove_leaves","sprite":"minecraft:block/mangrove_leaves"},{"type":"single","resource":"minecraft:block/lily_of_the_valley","sprite":"minecraft:block/lily_of_the_valley"},{"type":"single","resource":"minecraft:block/lilac_top","sprite":"minecraft:block/lilac_top"},{"type":"single","resource":"minecraft:block/lilac_bottom","sprite":"minecraft:block/lilac_bottom"},{"type":"single","resource":"minecraft:block/leaf_pile_west","sprite":"minecraft:block/leaf_pile_west"},{"type":"single","resource":"minecraft:block/leaf_pile_south","sprite":"minecraft:block/leaf_pile_south"},{"type":"single","resource":"minecraft:block/leaf_pile_north","sprite":"minecraft:block/leaf_pile_north"},{"type":"single","resource":"minecraft:block/leaf_pile_grass","sprite":"minecraft:block/leaf_pile_grass"},{"type":"single","resource":"minecraft:block/leaf_pile_east","sprite":"minecraft:block/leaf_pile_east"},{"type":"single","resource":"minecraft:block/leaf_pile_base","sprite":"minecraft:block/leaf_pile_base"},{"type":"single","resource":"minecraft:block/jigsaw","sprite":"minecraft:block/jigsaw"},{"type":"single","resource":"minecraft:block/grass_layer_leaf_7","sprite":"minecraft:block/grass_layer_leaf_7"},{"type":"single","resource":"minecraft:block/grass_layer_leaf_6","sprite":"minecraft:block/grass_layer_leaf_6"},{"type":"single","resource":"minecraft:block/grass_layer_leaf_5","sprite":"minecraft:block/grass_layer_leaf_5"},{"type":"single","resource":"minecraft:block/grass_layer_leaf_4","sprite":"minecraft:block/grass_layer_leaf_4"},{"type":"single","resource":"minecraft:block/grass_layer_leaf_3","sprite":"minecraft:block/grass_layer_leaf_3"},{"type":"single","resource":"minecraft:block/grass_layer_leaf_2","sprite":"minecraft:block/grass_layer_leaf_2"},{"type":"single","resource":"minecraft:block/grass_layer_leaf_1","sprite":"minecraft:block/grass_layer_leaf_1"},{"type":"single","resource":"minecraft:block/grass_layer_leaf","sprite":"minecraft:block/grass_layer_leaf"},{"type":"single","resource":"minecraft:block/dark_oak_sapling","sprite":"minecraft:block/dark_oak_sapling"},{"type":"single","resource":"minecraft:block/dark_oak_leaves","sprite":"minecraft:block/dark_oak_leaves"},{"type":"single","resource":"minecraft:block/dandelion","sprite":"minecraft:block/dandelion"},{"type":"single","resource":"minecraft:block/cornflower","sprite":"minecraft:block/cornflower"},{"type":"single","resource":"minecraft:block/birch_sapling","sprite":"minecraft:block/birch_sapling"},{"type":"single","resource":"minecraft:block/birch_leaves","sprite":"minecraft:block/birch_leaves"},{"type":"single","resource":"minecraft:block/azure_bluet","sprite":"minecraft:block/azure_bluet"},{"type":"single","resource":"minecraft:block/allium","sprite":"minecraft:block/allium"},{"type":"single","resource":"minecraft:block/acacia_sapling","sprite":"minecraft:block/acacia_sapling"},{"type":"single","resource":"minecraft:block/acacia_leaves","sprite":"minecraft:block/acacia_leaves"}]}