{
	"credit": "Made with Blockbench",
	"textures": {
		"0": "minecraft:items/watch/up",
		"2": "minecraft:items/watch/down",
		"3": "minecraft:items/watch/south",
		"4": "minecraft:items/watch/west",
		"5": "minecraft:items/watch/clock_hand",
		"6": "minecraft:items/watch/clockface",
		"7": "minecraft:items/watch/clock_handle_west_east",
		"8": "minecraft:items/watch/clock_handle_north_south",
		"9": "minecraft:items/watch/cover",
		"particle": "minecraft:items/watch/up"
	},
	"elements": [
		{
			"from": [9, 3, 5],
			"to": [11, 9, 11],
			"rotation": {"angle": 0, "axis": "y", "origin": [8, 4, 8]},
			"faces": {
				"north": {"uv": [16, 0, 0, 16], "texture": "#3"},
				"east": {"uv": [16, 0, 0, 16], "texture": "#9", "cullface": "west"},
				"south": {"uv": [0, 0, 16, 16], "texture": "#3"},
				"west": {"uv": [16, 0, 0, 16], "texture": "#4"},
				"up": {"uv": [0, 16, 16, 0], "rotation": 270, "texture": "#2"},
				"down": {"uv": [16, 16, 5.33333, 0], "rotation": 180, "texture": "#0"}
			}
		},
		{
			"from": [10.5, 3.5, 5.5],
			"to": [10.5, 8.5, 10.5],
			"rotation": {"angle": 0, "axis": "y", "origin": [8, 4, 8]},
			"faces": {
				"east": {"uv": [0, 0, 16, 16], "texture": "#5", "cullface": "west"}
			}
		},
		{
			"from": [11, 3, 5],
			"to": [10, 9, 11],
			"rotation": {"angle": 0, "axis": "y", "origin": [8, 4, 8]},
			"faces": {
				"north": {"uv": [10, 1, 16, 0], "texture": "#2", "cullface": "south"},
				"east": {"uv": [16, 0, 0, 16], "texture": "#6"},
				"south": {"uv": [10, 1, 16, 0], "texture": "#2", "cullface": "north"},
				"west": {"uv": [10, 1, 16, 7], "texture": "#missing"},
				"up": {"uv": [10, 1, 16, 0], "rotation": 90, "texture": "#2", "cullface": "down"},
				"down": {"uv": [10, 1, 16, 0], "texture": "#2", "cullface": "up"}
			}
		},
		{
			"from": [6, 4, 6],
			"to": [9, 7, 10],
			"rotation": {"angle": 0, "axis": "y", "origin": [14, 14, 14]},
			"faces": {
				"north": {"uv": [0, 0, 16, 16], "texture": "#8"},
				"south": {"uv": [0, 0, 16, 16], "texture": "#8", "cullface": "north"},
				"west": {"uv": [0, 0, 16, 16], "texture": "#7", "cullface": "east"}
			}
		},
		{
			"from": [9, 4, 6],
			"to": [6, 7, 10],
			"rotation": {"angle": 0, "axis": "y", "origin": [4, 14, 2]},
			"faces": {
				"north": {"uv": [0, 0, 16, 16], "texture": "#8", "cullface": "south"},
				"east": {"uv": [0, 0, 16, 16], "texture": "#7", "cullface": "west"},
				"south": {"uv": [0, 0, 16, 16], "texture": "#8", "cullface": "north"}
			}
		}
	],
	"display": {
		"thirdperson_righthand": {
			"rotation": [90, 0, 0],
			"translation": [0, -2, 5.75],
			"scale": [1.2, 1.2, 1.2]
		},
		"thirdperson_lefthand": {
			"rotation": [-90, 0, 180],
			"translation": [0, -2, 5.75],
			"scale": [1.2, 1.2, 1.2]
		},
		"firstperson_righthand": {
			"rotation": [78, 0, 0],
			"translation": [0, 0, 6],
			"scale": [1.2, 1.2, 1.2]
		},
		"firstperson_lefthand": {
			"rotation": [90, 180, 0],
			"translation": [0, 0, 6],
			"scale": [1.2, 1.2, 1.2]
		},
		"ground": {
			"scale": [1.1, 1.1, 1.1]
		},
		"gui": {
			"rotation": [20, -41, 0]
		},
		"fixed": {
			"rotation": [0, 90, 0]
		}
	}
}