{"parent":"item/generated","textures":{"layer0":"item/paper"},"overrides":[{"predicate":{"custom_model_data":1},"model":"card"},{"predicate":{"custom_model_data":2},"model":"gold_lock"},{"predicate":{"custom_model_data":3},"model":"netherite_lock"},{"predicate":{"custom_model_data":4},"model":"wallet"},{"predicate":{"custom_model_data":5},"model":"card2"},{"predicate":{"custom_model_data":6},"model":"card3"},{"predicate":{"custom_model_data":7},"model":"item/interuniverse_watch"},{"predicate":{"custom_model_data":8},"model":"something_strange"},{"predicate":{"custom_model_data":504},"model":"invisible_p"},{"predicate":{"custom_model_data":505},"model":"invisible_gl"},{"predicate":{"custom_model_data":506},"model":"invisible_nl"}]}