{
	"format_version": "1.9.0",
	"credit": "Made with Blockbench",
	"parent": "kryptonite",
	"textures": {
		"0": "minecraft:items/gods_gift",
		"particle": "minecraft:items/gods_gift"
	},
	"elements": [
		{
			"from": [7, 0, 7],
			"to": [9, 6, 9],
			"rotation": {"angle": 0, "axis": "y", "origin": [7, 0, 7]},
			"faces": {
				"north": {"uv": [0, 0, 2, 6], "texture": "#0"},
				"east": {"uv": [2, 0, 4, 6], "texture": "#0"},
				"south": {"uv": [4, 0, 6, 6], "texture": "#0"},
				"west": {"uv": [0, 6, 2, 12], "texture": "#0"},
				"up": {"uv": [5, 14, 3, 12], "texture": "#0"},
				"down": {"uv": [14, 6, 12, 8], "texture": "#0"}
			}
		},
		{
			"from": [5, 2, 6],
			"to": [8, 5, 10],
			"rotation": {"angle": -22.5, "axis": "z", "origin": [7, 3, 8]},
			"faces": {
				"north": {"uv": [2, 9, 5, 12], "texture": "#0"},
				"east": {"uv": [6, 0, 10, 3], "texture": "#0"},
				"south": {"uv": [9, 3, 12, 6], "texture": "#0"},
				"west": {"uv": [2, 6, 6, 9], "texture": "#0"},
				"up": {"uv": [9, 7, 6, 3], "texture": "#0"},
				"down": {"uv": [9, 7, 6, 11], "texture": "#0"}
			}
		},
		{
			"from": [7.1, 1, 5.7],
			"to": [10.1, 4, 8.7],
			"rotation": {"angle": 0, "axis": "y", "origin": [8, 2, 6]},
			"faces": {
				"north": {"uv": [9, 6, 12, 9], "texture": "#0"},
				"east": {"uv": [9, 9, 12, 12], "texture": "#0"},
				"south": {"uv": [10, 0, 13, 3], "texture": "#0"},
				"west": {"uv": [5, 11, 8, 14], "texture": "#0"},
				"up": {"uv": [3, 15, 0, 12], "texture": "#0"},
				"down": {"uv": [15, 3, 12, 6], "texture": "#0"}
			}
		}
	],
	"display": {
		"thirdperson_righthand": {
			"rotation": [10.91, 48.38, 153.68],
			"translation": [-2.25, -6.25, 1],
			"scale": [1.45, 1.45, 1.45]
		},
		"thirdperson_lefthand": {
			"rotation": [3.54, 29.27, -13.42],
			"translation": [1.25, 5.75, -1.25],
			"scale": [1.45, 1.45, 1.45]
		},
		"firstperson_righthand": {
			"rotation": [0, -50.25, 22.5],
			"translation": [-3.25, 11.5, 0],
			"scale": [1.45, 1.45, 1.45]
		},
		"firstperson_lefthand": {
			"rotation": [-37.99, -55.39, -22.41],
			"translation": [-0.75, 11.75, 0],
			"scale": [1.45, 1.45, 1.45]
		},
		"ground": {
			"rotation": [-85.4, 13.2, 126.57],
			"translation": [-7.5, -0.25, 4.25],
			"scale": [2, 2, 2]
		},
		"gui": {
			"rotation": [-16.94, -31.8, 129.8],
			"translation": [-8.25, -8.5, 0],
			"scale": [2.5, 2.5, 2.5]
		},
		"head": {
			"rotation": [0, -25, 35],
			"translation": [-1, 9, -8.5],
			"scale": [2, 2, 2]
		}
	}
}