{"parent":"item/generated","textures":{"layer0":"item/paper"},"overrides":[{"predicate":{"custom_model_data":1},"model":"card"},{"predicate":{"custom_model_data":2},"model":"gold_lock"},{"predicate":{"custom_model_data":3},"model":"netherite_lock"},{"predicate":{"custom_model_data":4},"model":"wallet"},{"predicate":{"custom_model_data":5},"model":"card2"},{"predicate":{"custom_model_data":6},"model":"card3"},{"predicate":{"custom_model_data":7},"model":"item/interuniverse_watch"},{"predicate":{"custom_model_data":8},"model":"something_strange"},{"predicate":{"custom_model_data":13},"model":"quest"},{"predicate":{"custom_model_data":14},"model":"item/ring"},{"predicate":{"custom_model_data":15},"model":"anti_alt_energy"},{"predicate":{"custom_model_data":16},"model":"item/gods_gift"},{"predicate":{"custom_model_data":17},"model":"crystall_injector"},{"predicate":{"custom_model_data":18},"model":"alts_energy"},{"predicate":{"custom_model_data":19},"model":"item/rolixo"},{"predicate":{"custom_model_data":504},"model":"invisible_p"},{"predicate":{"custom_model_data":505},"model":"invisible_gl"},{"predicate":{"custom_model_data":506},"model":"invisible_nl"}]}