{
	"format_version": "1.9.0",
	"credit": "Made with Blockbench",
	"textures": {
		"0": "minecraft:items/watch",
		"particle": "minecraft:items/watch"
	},
	"elements": [
		{
			"from": [10.005, 3.995, 9.995],
			"to": [10.995, 8, 6.005],
			"rotation": {"angle": 0, "axis": "y", "origin": [8, 4, 8]},
			"faces": {
				"north": {"uv": [0, 3, 1, 7], "texture": "#0"},
				"east": {"uv": [4, 3, 0, 7], "texture": "#0"},
				"south": {"uv": [3, 3, 4, 7], "texture": "#0"},
				"west": {"uv": [16, 7, 12, 11], "texture": "#0"},
				"up": {"uv": [0, 3, 4, 4], "rotation": 90, "texture": "#0"},
				"down": {"uv": [0, 6, 4, 7], "rotation": 270, "texture": "#0"}
			}
		},
		{
			"from": [10, 4, 6],
			"to": [6, 7, 10],
			"rotation": {"angle": 0, "axis": "y", "origin": [14, 14, 14]},
			"faces": {
				"north": {"uv": [8, 0, 4, 3], "texture": "#0"},
				"east": {"uv": [8, 0, 4, 3], "texture": "#0"},
				"south": {"uv": [4, 0, 0, 3], "texture": "#0"}
			}
		},
		{
			"from": [10, 4, 6],
			"to": [11, 8, 10],
			"rotation": {"angle": 0, "axis": "y", "origin": [8, 4, 8]},
			"faces": {
				"north": {"uv": [3, 3, 4, 7], "texture": "#0"},
				"east": {"uv": [0, 3, 4, 7], "texture": "#0"},
				"south": {"uv": [0, 3, 1, 7], "texture": "#0"},
				"west": {"uv": [4, 3, 8, 7], "texture": "#0"},
				"up": {"uv": [4, 3, 0, 4], "rotation": 90, "texture": "#0"},
				"down": {"uv": [4, 6, 0, 7], "rotation": 270, "texture": "#0"}
			}
		},
		{
			"from": [10.5, 4.5, 6.5],
			"to": [10.5, 7.5, 9.5],
			"rotation": {"angle": 0, "axis": "y", "origin": [8, 4, 8]},
			"faces": {
				"east": {"uv": [12, 12, 15, 15], "texture": "#0"},
				"west": {"uv": [12, 12, 15, 15], "texture": "#0"}
			}
		},
		{
			"from": [6, 4, 6],
			"to": [10, 7, 10],
			"rotation": {"angle": 0, "axis": "y", "origin": [14, 14, 14]},
			"faces": {
				"north": {"uv": [4, 0, 8, 3], "texture": "#0"},
				"south": {"uv": [0, 0, 4, 3], "texture": "#0"},
				"west": {"uv": [4, 0, 8, 3], "texture": "#0"}
			}
		}
	],
	"display": {
		"thirdperson_righthand": {
			"rotation": [90, 0, 0],
			"translation": [0, -2, 4.5],
			"scale": [1.01, 1, 1.01]
		},
		"thirdperson_lefthand": {
			"rotation": [-90, 0, -180],
			"translation": [0, -2, 4.5],
			"scale": [1.01, 1, 1.01]
		},
		"firstperson_righthand": {
			"rotation": [90, 0, 0],
			"translation": [0, 0, 5]
		},
		"firstperson_lefthand": {
			"rotation": [-90, -180, 0]
		},
		"gui": {
			"rotation": [9, -48, -15]
		},
		"fixed": {
			"rotation": [0, 90, 0]
		}
	}
}