{
	"format_version": "1.9.0",
	"credit": "Made with Blockbench",
	"parent": "rolixo",
	"texture_size": [32, 32],
	"textures": {
		"0": "minecraft:items/rolixo",
		"particle": "minecraft:items/rolixo"
	},
	"elements": [
		{
			"from": [6, 0, 7],
			"to": [9, 7, 10],
			"rotation": {"angle": 0, "axis": "y", "origin": [7, 0, 8]},
			"faces": {
				"north": {"uv": [0, 0, 1.5, 3.5], "texture": "#0"},
				"east": {"uv": [1.5, 0, 3, 3.5], "texture": "#0"},
				"south": {"uv": [3, 0, 4.5, 3.5], "texture": "#0"},
				"west": {"uv": [0, 3.5, 1.5, 7], "texture": "#0"},
				"up": {"uv": [1.5, 8.5, 0, 7], "texture": "#0"},
				"down": {"uv": [3, 8, 1.5, 9.5], "texture": "#0"}
			}
		},
		{
			"from": [7, 0, 6],
			"to": [11, 4, 10],
			"rotation": {"angle": -22.5, "axis": "x", "origin": [7, 1, 8]},
			"faces": {
				"north": {"uv": [3.5, 5.5, 5.5, 7.5], "texture": "#0"},
				"east": {"uv": [5.5, 5.5, 7.5, 7.5], "texture": "#0"},
				"south": {"uv": [6.5, 0, 8.5, 2], "texture": "#0"},
				"west": {"uv": [6.5, 2, 8.5, 4], "texture": "#0"},
				"up": {"uv": [5.5, 9.5, 3.5, 7.5], "texture": "#0"},
				"down": {"uv": [9.5, 4, 7.5, 6], "texture": "#0"}
			}
		},
		{
			"from": [4, 2, 6],
			"to": [8, 6, 11],
			"rotation": {"angle": 0, "axis": "y", "origin": [6, 2, 7]},
			"faces": {
				"north": {"uv": [5.5, 7.5, 7.5, 9.5], "texture": "#0"},
				"east": {"uv": [1.5, 3.5, 4, 5.5], "texture": "#0"},
				"south": {"uv": [7.5, 6, 9.5, 8], "texture": "#0"},
				"west": {"uv": [4, 3.5, 6.5, 5.5], "texture": "#0"},
				"up": {"uv": [6.5, 2.5, 4.5, 0], "texture": "#0"},
				"down": {"uv": [3.5, 5.5, 1.5, 8], "texture": "#0"}
			}
		}
	],
	"display": {
		"thirdperson_righthand": {
			"rotation": [3.88, -30.65, 14.22],
			"translation": [0, 4.25, -1.25],
			"scale": [1.2, 1.2, 1.2]
		},
		"thirdperson_lefthand": {
			"rotation": [2.96, 26.79, -12.1],
			"translation": [0, 3.25, -2],
			"scale": [1.2, 1.2, 1.2]
		},
		"firstperson_righthand": {
			"rotation": [-4.15, 10.77, 21.02],
			"translation": [0, 9.25, 0],
			"scale": [1.5, 1.5, 1.5]
		},
		"firstperson_lefthand": {
			"rotation": [0, 0, -18.5],
			"translation": [2.75, 9, 0],
			"scale": [1.5, 1.5, 1.5]
		},
		"ground": {
			"translation": [0, 7.75, 0],
			"scale": [1.5, 1.5, 1.5]
		},
		"head": {
			"rotation": [0, 0, -13.25],
			"translation": [7.75, 11, -5.75],
			"scale": [2, 2, 2]
		}
	}
}