{"providers":[{
            "type": "space",
            "advances": { 
                "ꐠ": -8
            }
        },{
            "type": "space",
            "advances": { 
                "ꐱ": -60
            }
        },{"chars":["ꐐ"],"file":"required/ui/bank_menu.png","ascent":13,"height":256,"type":"bitmap"},{"chars":["ꙮ"],"file":"required/ui/transfer_sum.png","ascent":13,"height":256,"type":"bitmap"},{"chars":["ꙸ"],"file":"required/ui/id.png","ascent":12,"height":256,"type":"bitmap"},{"chars":["✨"],"file":"required/ui/wallet_menu.png","ascent":13,"height":256,"type":"bitmap"},{"chars":["ꐡ"],"file":"item/empty.png","ascent":-32768,"height":0,"type":"bitmap"},{"chars":["ꐢ"],"file":"item/empty.png","ascent":-32768,"height":2,"type":"bitmap"},{"chars":["ꐣ"],"file":"item/empty.png","ascent":-32768,"height":6,"type":"bitmap"},{"chars":["ꐤ"],"file":"item/empty.png","ascent":-32768,"height":14,"type":"bitmap"},{"chars":["ꐥ"],"file":"item/empty.png","ascent":-32768,"height":30,"type":"bitmap"},{"chars":["ꐦ"],"file":"item/empty.png","ascent":-32768,"height":62,"type":"bitmap"},{"chars":["ꐧ"],"file":"item/empty.png","ascent":-32768,"height":126,"type":"bitmap"},{"chars":["ꐨ"],"file":"item/empty.png","ascent":-32768,"height":254,"type":"bitmap"},{"chars":["ꐩ"],"file":"item/empty.png","ascent":-32768,"height":510,"type":"bitmap"},{"chars":["ꐪ"],"file":"item/empty.png","ascent":-32768,"height":1022,"type":"bitmap"},{"chars":["ꐫ"],"file":"item/empty.png","ascent":-32768,"height":-3,"type":"bitmap"},{"chars":["ꐬ"],"file":"item/empty.png","ascent":-32768,"height":-4,"type":"bitmap"},{"chars":["ꐭ"],"file":"item/empty.png","ascent":-32768,"height":-6,"type":"bitmap"},{"chars":["ꐮ"],"file":"item/empty.png","ascent":-32768,"height":-10,"type":"bitmap"},{"chars":["ꐯ"],"file":"item/empty.png","ascent":-32768,"height":-18,"type":"bitmap"},{"chars":["ꐰ"],"file":"item/empty.png","ascent":-32768,"height":-34,"type":"bitmap"},{"chars":["ꐱ"],"file":"item/empty.png","ascent":-32768,"height":-66,"type":"bitmap"},{"chars":["ꐲ"],"file":"item/empty.png","ascent":-32768,"height":-130,"type":"bitmap"},{"chars":["ꐳ"],"file":"item/empty.png","ascent":-32768,"height":-258,"type":"bitmap"},{"chars":["ꐴ"],"file":"item/empty.png","ascent":-32768,"height":-514,"type":"bitmap"},{"chars":["ꐵ"],"file":"item/empty.png","ascent":-32768,"height":-1026,"type":"bitmap"}]}
