{"providers":[{"chars":["⊕"],"file":"required/ui/logo.png","ascent":66,"height":66,"type":"bitmap"},{"chars":["ꐐ"],"file":"required/ui/bank_menu.png","ascent":13,"height":256,"type":"bitmap"},{"chars":["ꙮ"],"file":"required/ui/transfer_sum.png","ascent":13,"height":256,"type":"bitmap"},{"chars":["ꙸ"],"file":"required/ui/id.png","ascent":13,"height":256,"type":"bitmap"},{"chars":["✨"],"file":"required/ui/wallet_menu.png","ascent":13,"height":256,"type":"bitmap"},{"chars":["￦"],"file":"required/ui/quest_menu.png","ascent":13,"height":256,"type":"bitmap"},{"chars":["ꐮ"],"file":"required/null.png","ascent":-32768,"height":-10,"type":"bitmap"}]}
