{"providers":[{"chars":["⊕"],"file":"required/ui/logo.png","ascent":66,"height":66,"type":"bitmap"},{"chars":["ꐐ"],"file":"required/ui/bank_menu.png","ascent":13,"height":256,"type":"bitmap"},{"chars":["ꙮ"],"file":"required/ui/transfer_sum.png","ascent":13,"height":256,"type":"bitmap"},{"chars":["ꙸ"],"file":"required/ui/id.png","ascent":13,"height":256,"type":"bitmap"},{"chars":["✨"],"file":"required/ui/wallet_menu.png","ascent":13,"height":256,"type":"bitmap"},{"chars":["￦"],"file":"required/ui/quest_menu.png","ascent":13,"height":256,"type":"bitmap"},{"chars":["ꐑ"],"file":"required/exit_icon.png","ascent":8,"height":8,"type":"bitmap"},{"chars":["ꐠ"],"file":"required/null.png","ascent":-32768,"height":-1,"type":"bitmap"},{"chars":["ꐡ"],"file":"required/null.png","ascent":-32768,"height":0,"type":"bitmap"},{"chars":["ꐢ"],"file":"required/null.png","ascent":-32768,"height":2,"type":"bitmap"},{"chars":["ꐣ"],"file":"required/null.png","ascent":-32768,"height":6,"type":"bitmap"},{"chars":["ꐤ"],"file":"required/null.png","ascent":-32768,"height":14,"type":"bitmap"},{"chars":["ꐥ"],"file":"required/null.png","ascent":-32768,"height":30,"type":"bitmap"},{"chars":["ꐦ"],"file":"required/null.png","ascent":-32768,"height":62,"type":"bitmap"},{"chars":["ꐧ"],"file":"required/null.png","ascent":-32768,"height":126,"type":"bitmap"},{"chars":["ꐨ"],"file":"required/null.png","ascent":-32768,"height":254,"type":"bitmap"},{"chars":["ꐩ"],"file":"required/null.png","ascent":-32768,"height":510,"type":"bitmap"},{"chars":["ꐪ"],"file":"required/null.png","ascent":-32768,"height":1022,"type":"bitmap"},{"chars":["ꐫ"],"file":"required/null.png","ascent":-32768,"height":-3,"type":"bitmap"},{"chars":["ꐬ"],"file":"required/null.png","ascent":-32768,"height":-4,"type":"bitmap"},{"chars":["ꐭ"],"file":"required/null.png","ascent":-32768,"height":-6,"type":"bitmap"},{"chars":["ꐮ"],"file":"required/null.png","ascent":-32768,"height":-10,"type":"bitmap"},{"chars":["ꐯ"],"file":"required/null.png","ascent":-32768,"height":-18,"type":"bitmap"},{"chars":["ꐰ"],"file":"required/null.png","ascent":-32768,"height":-34,"type":"bitmap"},{"chars":["ꐱ"],"file":"required/null.png","ascent":-32768,"height":-66,"type":"bitmap"},{"chars":["ꐲ"],"file":"required/null.png","ascent":-32768,"height":-130,"type":"bitmap"},{"chars":["ꐳ"],"file":"required/null.png","ascent":-32768,"height":-258,"type":"bitmap"},{"chars":["ꐴ"],"file":"required/null.png","ascent":-32768,"height":-514,"type":"bitmap"},{"chars":["ꐵ"],"file":"required/null.png","ascent":-32768,"height":-1026,"type":"bitmap"}]}